{"cameraMode":{"drawMode":0,"name":"Shaded","section":"Shading Mode"},"sceneLighting":true,"audioPlay":false,"sceneViewState":{"showFog":true,"showMaterialUpdate":false,"showSkybox":true,"showFlares":true,"showImageEffects":true,"showParticleSystems":true},"in2DMode":false,"pivot":{"x":-8.048137664794922,"y":-46.453857421875,"z":-36.04999542236328},"rotation":{"x":-0.30270540714263918,"y":0.6859323978424072,"z":-0.3866684138774872,"w":-0.5369859337806702},"size":140.01522827148438,"orthographic":false}