{"cameraMode":{"drawMode":0,"name":"Shaded","section":"Shading Mode"},"sceneLighting":false,"audioPlay":false,"sceneViewState":{"m_AlwaysRefresh":false,"showFog":true,"showSkybox":false,"showFlares":true,"showImageEffects":true,"showParticleSystems":true,"showVisualEffectGraphs":true,"m_FxEnabled":true},"in2DMode":false,"pivot":{"x":2.7206528186798097,"y":0.31776994466781618,"z":0.41448357701301577},"rotation":{"x":0.05021663382649422,"y":0.9438788294792175,"z":-0.17062820494174958,"w":0.2784053683280945},"size":1.090832233428955,"orthographic":false}