{"cameraMode":{"drawMode":0,"name":"Shaded","section":"Shading Mode"},"sceneLighting":true,"audioPlay":false,"sceneViewState":{"m_AlwaysRefresh":false,"showFog":true,"showSkybox":true,"showFlares":true,"showImageEffects":true,"showParticleSystems":true,"showVisualEffectGraphs":true,"m_FxEnabled":true},"in2DMode":false,"pivot":{"x":7.264418125152588,"y":-0.13424257934093476,"z":-17.870004653930665},"rotation":{"x":-0.014180031605064869,"y":0.9746176600456238,"z":-0.21416476368904115,"w":-0.0640929713845253},"size":1.2983897924423218,"orthographic":false}