{"cameraMode":{"drawMode":0,"name":"Shaded","section":"Shading Mode"},"sceneLighting":false,"audioPlay":false,"sceneViewState":{"m_AlwaysRefresh":false,"showFog":true,"showSkybox":false,"showFlares":true,"showImageEffects":true,"showParticleSystems":true,"showVisualEffectGraphs":true,"m_FxEnabled":true},"in2DMode":false,"pivot":{"x":-0.08173570036888123,"y":0.04395406320691109,"z":0.8548004627227783},"rotation":{"x":-0.19631601870059968,"y":0.6781867742538452,"z":-0.19561034440994264,"w":-0.6806342005729675},"size":1.2635002136230469,"orthographic":false}