{"cameraMode":{"drawMode":0,"name":"Shaded","section":"Shading Mode"},"sceneLighting":false,"audioPlay":false,"sceneViewState":{"m_AlwaysRefresh":false,"showFog":true,"showSkybox":false,"showFlares":true,"showImageEffects":true,"showParticleSystems":true,"showVisualEffectGraphs":true,"m_FxEnabled":true},"in2DMode":false,"pivot":{"x":0.9115903973579407,"y":0.1945076435804367,"z":-0.17519836127758027},"rotation":{"x":0.0008613897953182459,"y":0.9801229238510132,"z":-0.004734044894576073,"w":0.19848710298538209},"size":1.0987796783447266,"orthographic":false}