{"cameraMode":{"drawMode":0,"name":"Shaded","section":"Shading Mode"},"sceneLighting":false,"audioPlay":false,"sceneViewState":{"m_AlwaysRefresh":false,"showFog":true,"showSkybox":false,"showFlares":true,"showImageEffects":true,"showParticleSystems":true,"showVisualEffectGraphs":true,"m_FxEnabled":true},"in2DMode":false,"pivot":{"x":-1.9694687128067017,"y":0.3573841452598572,"z":0.7893493175506592},"rotation":{"x":-0.005457976367324591,"y":0.9364498853683472,"z":-0.014304661191999913,"w":-0.3505410850048065},"size":1.294405221939087,"orthographic":false}